Author,Gender,Race/Ethnicity,Unmarked White?,Annotator Notes,Source
Adam Shepard,M,White,,"""While he achieved his goals through hard work and discipline as well as privileges such as white privilege, male privilege, and being able-bodied""",https://en.wikipedia.org/wiki/Scratch_Beginnings
Adib Khorram,M,"MENA, White",,"""As a mixed-race Iranian-American myself, I mostly pulled from my own experiences."" author describing main character, who is White and Iranian",https://www.apalaweb.org/apala-author-interview-adib-khorram/
Alan Paton,M,White,,"""''I had an eye on my fellow white South Africans and white Americans when I wrote the book,'' Mr. Paton said.""",https://www.nytimes.com/1988/04/13/obituaries/alan-paton-author-who-fought-against-apartheid-is-dead-at-85.html
Albert Camus,M,White ,,"""Camus was born in French Algeria to Pieds Noirs parents""",https://en.wikipedia.org/wiki/Albert_Camus
Aldous Huxley,M,White ,,"""Born into the prominent Huxley family, he graduated from Balliol College, Oxford, with an undergraduate degree in English literature.""",https://en.wikipedia.org/wiki/Aldous_Huxley
Alex Haley,M,"Black, Native/Indigenous, White",,"""The family had Mandinka, other African, Cherokee, Scottish, and Scottish-Irish roots.""",https://en.wikipedia.org/wiki/Alex_Haley
Alexander Solzhenitsyn,M,White ,,"""His father, Isaakiy Semyonovich Solzhenitsyn, was of Russian descent and his mother, Taisiya Zakharovna (née Shcherbak), was of Ukrainian descent.""",https://en.wikipedia.org/wiki/Aleksandr_Solzhenitsyn
Alexandre Dumas,M,"Black, White",,"""Their parents were Marie-Louise Élisabeth Labouret, the daughter of an innkeeper, and Thomas-Alexandre Dumas. Thomas-Alexandre had been born in the French colony of Saint-Domingue (now Haiti), the mixed-race, natural son of the marquis Alexandre Antoine Davy de la Pailleterie (Antoine), a French nobleman and général commissaire in the artillery of the colony, and Marie-Cessette Dumas, an enslaved woman of Afro-Caribbean ancestry.""",https://en.wikipedia.org/wiki/Alexandre_Dumas
Alice Walker,F,Black ,,"""In 1982, she became the first African-American woman to win the Pulitzer Prize for Fiction, which she was awarded for her novel The Color Purple""",https://en.wikipedia.org/wiki/Alice_Walker
Amy Tan,F,Asian,,"""Born in the U.S. to immigrant parents from China, Amy Tan grew up in the San Francisco Bay Area in a succession of twelve homes by the time she graduated from high school. """,http://www.amytan.net/about.html
An Na,F,Asian,,"""An Na (born 1972) is a South Korea-born[1] American children's book author.""",https://en.wikipedia.org/wiki/An_Na
Angie Thomas,F,Black,,"""""I think a lot of African-Americans can understand that,” she says. “Especially if you’re put into a lot of white spaces – like me today,”""",https://www.theguardian.com/books/2017/mar/26/angie-thomas-the-debut-novelist-who-turned-racism-and-police-violence-into-a-bestseller
Ann Petry,F,Black,,"""Her 1946 debut novel The Street became the first novel by an African-American woman to sell more than a million copies.""",https://en.wikipedia.org/wiki/Ann_Petry
Anne Frank,F ,White,,"""The Franks were liberal Jews, and did not observe all of the customs and traditions of Judaism""",https://en.wikipedia.org/wiki/Anne_Frank
Anne Tyler,F,White,,"""Her family lived in a succession of Quaker communities in the South until they settled in 1948 in a Quaker commune in Celo.""",https://en.wikipedia.org/wiki/Anne_Tyler
Annie Moody,F,Black,,"""an American author who wrote about her experiences growing up poor and black in rural Mississippi""",https://en.wikipedia.org/wiki/Anne_Moody
Anthony Doerr,M,White,Y,"""an American author of novels and short stories.""",https://en.wikipedia.org/wiki/Anthony_Doerr
Anthony Trollope,M,White,,"""was an English novelist and civil servant of the Victorian era"" "" son of landed gentry""",https://en.wikipedia.org/wiki/Anthony_Trollope
Arturo Islas,M,Latino/a/x,,"""Arturo Islas, Jr. was a novelist from El Paso, Texas, whose writing focused on the experience of Chicano cultural duality"" ""Islas lived with Jay Spears until they broke up in 1970. Islas learned in 1985 that Spears was in hospital with AIDS, from which he died in 1986. Islas himself died of complications related to AIDS on 15 February 1991 at his campus home.""",https://en.wikipedia.org/wiki/Arturo_Islas
Arundhati Roy,F,Asian,,"""Arundhati Roy was born in Shillong, Meghalaya, India, to Mary Roy, a Malayali Jacobite Syrian Christian women's rights activist from Kerala and Rajib Roy, a Bengali Hindu tea plantation manager from Calcutta.""",https://en.wikipedia.org/wiki/Arundhati_Roy
Barack Obama,M,"Black, White",,"""He was born to an American mother and a Kenyan father.""",https://en.wikipedia.org/wiki/Barack_Obama
Barbara Kingsolver,F,White,Y,"""Barbara Kingsolver (born April 8, 1955) is an American novelist, essayist and poet. She was raised in rural Kentucky""",https://en.wikipedia.org/wiki/Barbara_Kingsolver
Ben Mezrich,M,White,,"""is an American author."" ""He was raised in a Conservative Jewish household""",https://en.wikipedia.org/wiki/Ben_Mezrich
Benjamin Alire Saenz,M,Latino/a/x,,"""In 2013, Benjamin Alire Sáenz became the first Latino to win the prestigious PEN/Faulkner Book Award for Fiction"" ""After 15 years of marriage to his wife, an El Paso family court judge, he came out as gay, and they filed for divorce in 2009.""",https://en.wikipedia.org/wiki/Benjamin_Alire_S%C3%A1enz
Bernard Malamud,M,White,,"""he was one of the best known American Jewish authors of the 20th century.""",https://en.wikipedia.org/wiki/Bernard_Malamud
Betty Smith,F,White,,"""Smith was born Elisabeth Lillian Wehner on December 15, 1896, in the Williamsburg section of Brooklyn, New York to first-generation German-Americans """,https://en.wikipedia.org/wiki/Betty_Smith
Bharati Mukherjee,F,Asian,,"""Bharati Mukherjee (July 27, 1940 – January 28, 2017) was an Indian American-Canadian writer """,https://en.wikipedia.org/wiki/Bharati_Mukherjee
Boris Pasternak,M,White,,"""was a Russian poet, novelist, composer and literary translator.""",https://en.wikipedia.org/wiki/Boris_Pasternak
Bram Stoker,M,White,,"""was an Irish author""",https://en.wikipedia.org/wiki/Bram_Stoker
Bryan Stevenson,M,Black,,"""As a child, Stevenson dealt with segregation and its legacy. He spent his first classroom years at a ""colored"" elementary school""",https://en.wikipedia.org/wiki/Bryan_Stevenson
Bryce Courtenay,M,White,,"""was a South African-Australian advertising director and novelist."" Categorized under ""White South African people""",https://en.wikipedia.org/wiki/Bryce_Courtenay
Buchi Emecheta,F,Black,,"""Buchi Emecheta was born on 21 July 1944, in Lagos, Nigeria, to Igbo parents, Alice (Okwuekwuhe) Emecheta and Jeremy Nwabudinke""",https://en.wikipedia.org/wiki/Buchi_Emecheta
Carson McCullers,F,White,,""" Her mother's grandfather was a planter and Confederate soldier. Her father was a watchmaker and jeweler of French Huguenot descent""",https://en.wikipedia.org/wiki/Carson_McCullers
Celeste Ng,F,Asian,,"""Celeste Ng was born in Pittsburgh, Pennsylvania. Her parents moved from Hong Kong in the late 1960s.""",https://en.wikipedia.org/wiki/Celeste_Ng
Chaim Potok,M,White,,"""Herman Harold Potok was born in Brooklyn, New York, to Benjamin Max (died 1958) and Mollie (née Friedman) Potok (died 1985), Jewish immigrants from Poland""",https://en.wikipedia.org/wiki/Chaim_Potok
Chanel Miller,F,"Asian, White",,"""the elder of two daughters of a Chinese mother and an American father.""",https://en.wikipedia.org/wiki/Chanel_Miller
Chang-Rae Lee,M,Asian,,"""Chang-rae Lee (born July 29, 1965) is a Korean-American novelist and a professor of creative writing at Stanford University.""",https://en.wikipedia.org/wiki/Chang-Rae_Lee
Charles Dickens,M,White,,"""Charles John Huffam Dickens was an English writer and social critic.""",https://www.wikiwand.com/en/Charles_Dickens
Charles Frazier,M,White,Y,"""is an American novelist. """,https://en.wikipedia.org/wiki/Charles_Frazier
Charlotte Bronte,F,White,,"""Charlotte Brontë was born on 21 April 1816 in Market Street, Thornton, west of Bradford in the West Riding of Yorkshire, the third of the six children of Maria (née Branwell) and Patrick Brontë (formerly surnamed Brunty), an Irish Anglican clergyman. """,https://en.wikipedia.org/wiki/Charlotte_Bront%C3%AB
Cherie Dimaline,F,"White, Native/Indigenous",,"Cherie Dimaline is an Indigenous Canadian writer from the Georgian Bay Métis Nation, a part of Métis Nation of Ontario. She has written a variety of award-winning novels and other acclaimed stories and articles.",https://en.wikipedia.org/wiki/Cherie_Dimaline
Cheryl Strayed,F,White,Y,"Cheryl Strayed is an American writer and podcast host. She has written four books: the novel Torch and the nonfiction books Wild: From Lost to Found on the Pacific Crest Trail, Tiny Beautiful Things and Brave Enough.",https://en.wikipedia.org/wiki/Cheryl_Strayed
Chimamanda Ngozi Adichie,F,Black,,"Chimamanda Ngozi Adichie (/ˌtʃɪmɑːˈmɑːndə əŋˈɡoʊzi əˈdiːtʃeɪ/ (listen) CHIM-ah-MAHN-də əng-GOH-zee ə-DEE-chay;[note 1] born 15 September 1977)[3][4] is a Nigerian writer whose works include novels, short stories and nonfiction.[5] She was described in The Times Literary Supplement as ""the most prominent"" of a ""procession of critically acclaimed young anglophone authors [which] is succeeding in attracting a new generation of readers to African literature"",[6] particularly in her second home, the United States.",https://en.wikipedia.org/wiki/Chimamanda_Ngozi_Adichie
Chinua Achebe,M,Black,,"Chinua Achebe was a Nigerian novelist, poet, and critic who is regarded as the dominant figure of modern African literature. His first novel and magnum opus, Things Fall Apart, occupies a pivotal place in African literature and remains the most widely studied, translated, and read African novel.",https://en.wikipedia.org/wiki/Chinua_Achebe
Chitra Banerjee Divakaruni,F,Asian,,"Chitra Banerjee Divakaruni is an Indian-born American author, poet, and the Betty and Gene McDavid Professor of Writing at the University of Houston Creative Writing Program. Her short story collection, Arranged Marriage, won an American Book Award in 1996. ",https://en.wikipedia.org/wiki/Chitra_Banerjee_Divakaruni
Claude McKay,M,Black,,"Festus Claudius ""Claude"" McKay OJ was a Jamaican-American writer and poet. He was a central figure in the Harlem Renaissance. Born in Jamaica, McKay first travelled to the United States to attend college, and encountered W. E. B",https://en.wikipedia.org/wiki/Claude_McKay
Cormac McCarthy,M,White,,"""His family were Irish Catholics.""",https://en.wikipedia.org/wiki/Cormac_McCarthy
Cristina Garcia,F,Latino/a/x,,Cristina García is a Cuban-born American journalist and novelist. Her first novel Dreaming in Cuban was a finalist for the National Book Award.,https://en.wikipedia.org/wiki/Cristina_Garc%C3%ADa_(journalist)
Cristina Henríquez,F,Latino/a/x,,"""Henríquez's father is from Panama and immigrated to the U.S. in 1971 for college"". Author's book is about Panamanian immigrants","https://www.ci.oswego.or.us/loreads/about-cristina-henriquez#:~:text=Cristina%20Henriquez%20draws%20on%20her,The%20Book%20of%20Unknown%20Americans."
Daniel Defoe,M,White,,"""His father, James Foe, was a prosperous tallow chandler of Flemish descent""",https://en.wikipedia.org/wiki/Daniel_Defoe
Darnell L. Moore,M,Black,,"""For powerful autobiographical reflections on growing up in Camden, NJ, see his two-part essay ""Reflections of a Black Queer Suicide Survivor"":""",https://queer.newark.rutgers.edu/interviews/darnell-l-moore
Dashka Slater,F,White,Y,"""She grew up in Cambridge, Massachusetts but has spent most of her adult life in Oakland, California, where she is always working on far too many writing projects.""",https://theauthorvillage.com/presenters/dashka-slater/
Dave Eggers,M,White,Y,"""born in Boston, Massachusetts"" ""His father was Protestant and his mother was Catholic""",https://en.wikipedia.org/wiki/Dave_Eggers
Dave Pelzer,M,White,Y,"""He is the son of Catherine Roerva Christen Pelzer (1929-1992) and San Francisco fireman Stephen Joseph Pelzer",https://en.wikipedia.org/wiki/Dave_Pelzer
David Guterson,M,White,Y,"""Guterson was born May 4, 1956 in Seattle, Washington the son of criminal defense lawyer Murray Guterson",https://en.wikipedia.org/wiki/David_Guterson
David Wroblewski,M,White,Y,"""David Wroblewski was born in Oconomowoc, Wisconsin, near Milwaukee. ",https://en.wikipedia.org/wiki/David_Wroblewski
Delia Owens,F,White,Y,"""Owens was born and raised in Southern Georgia, where she spent most of her life in or near true wilderness.""",https://en.wikipedia.org/wiki/Delia_Owens
Dick Gregory,M ,Black,,"""Gregory gained attention as a comedian in the early 1960s, and was the first black comedian to widely win plaudits from white audiences",https://www.npr.org/sections/thetwo-way/2017/08/19/544769294/dick-gregory-comedian-and-civil-rights-activist-dies-at-84
Donna Tartt,F,White,Y,"""Tartt grew up in the small town of Grenada, Mississippi. ",https://www.britannica.com/biography/Donna-Tartt
E. L. Doctorow,M,White,,"""Doctorow was born January 6, 1931,[3] in the Bronx, the son of Rose (Levine) and David Richard Doctorow, second-generation Americans of Russian Jewish extraction""",https://en.wikipedia.org/wiki/E._L._Doctorow
E. M. Forster,M,White,,"""Forster, born at 6 Melcombe Place, Dorset Square, London NW1, which no longer stands, was the only child of the Anglo-Irish Alice Clara ""Lily"" (née Whichelo) and a Welsh architect, Edward Morgan Llewellyn Forster.""",https://en.wikipedia.org/wiki/E._M._Forster
Edith Wharton,F,White,,"""She was related to the Rensselaers, the most prestigious of the old patroon families""",https://en.wikipedia.org/wiki/Edith_Wharton
Edwidge Danticat,F,Black,,"""Edwidge Danticat was born in Haiti and moved to the United States when she was twelve.""",https://aalbc.com/authors/author.php?author_name=Edwidge+Danticat
Elie Wiesel,M,White,,"""Elie Wiesel (/ˈɛli viːˈzɛl/, born Eliezer Wiesel Yiddish: אליעזר װיזעל Eliezer Vizel;[2][3] September 30, 1928 – July 2, 2016) was a Romanian-born American writer,""",https://en.wikipedia.org/wiki/Elie_Wiesel
Elizabeth Acevedo,F,"Black, Latino/a/x",,"""Elizabeth Acevedo is an Afro-Dominican performer and author of THE POET X",http://www.acevedowrites.com/
Elizabeth Strout,F,White,Y,"""Elizabeth Strout was born in Portland, Maine, and grew up in small towns in Maine and New Hampshire.""",https://www.elizabethstrout.com/about
Emile Zola,M,White,,"""His father was an Italian engineer with some Greek ancestry,[9] who was born in Venice in 1795, and engineered the Zola Dam in Aix-en-Provence; his mother was French.""",https://en.wikipedia.org/wiki/%C3%89mile_Zola
Emily Bronte,F,White,,"""Emily Brontë was born on 30 July 1818 to Maria Branwell and an Irish father, Patrick Brontë.""",https://en.wikipedia.org/wiki/Emily_Bront%C3%AB
Erich Maria Remarque,M,White,,"""Remarque was born on 22 June 1898, as Erich Paul Remark, to Peter Franz Remark and Anna Maria (née Stallknecht), a working-class Roman Catholic family in Osnabrück """,https://en.wikipedia.org/wiki/Erich_Maria_Remarque
Erika L. Sánchez,F,Latino/a/x,,"""Erika L. Sánchez is a Mexican-American poet, novelist, and essayist.""",https://erikalsanchez.com/
Ernest Gaines,M,Black,,"""In Gaines’s childhood, the center of his world was Cherie Quarter, the former slave quarter on River Lake Plantation, where five generations of his family had lived.",https://ernestgaines.louisiana.edu/author
Ernest Hemingway,M,White,,"""Much of Hemingway’s brand of masculinity was bound up in a white ideal as a kind of understood standard against which everything was to be measured.""",https://www.pbs.org/kenburns/hemingway/hemingway-race-and-ethnicity
Ernesto Quiñonez,M,Latino/a/x,,"""Ernesto Quiñonez (born 1965) is an Ecuadorian-Puerto Rican novelist.",https://en.wikipedia.org/wiki/Ernesto_Qui%C3%B1onez
Esmeralda Santiago,F,Latino/a/x,,"""Esmeralda Santiago (born May 17, 1948) is a Puerto-Rican author known for her narrative memoirs and trans-cultural writing. """,https://en.wikipedia.org/wiki/Esmeralda_Santiago
Evelyn Waugh,M,White,,"""Arthur Evelyn St. John Waugh was born on 28 October 1903 to Arthur Waugh (1866–1943) and Catherine Charlotte Raban (1870–1954), into a family with English, Scottish, Welsh, Irish and Huguenot origins.""",https://en.wikipedia.org/wiki/Evelyn_Waugh
F. Scott Fitzgerald,M,White,,"""His mother was Mary ""Molly"" McQuillan Fitzgerald, the daughter of an Irish immigrant who became wealthy as a wholesale grocer. His father, Edward Fitzgerald, descended from Irish and English ancestry""",https://en.wikipedia.org/wiki/F._Scott_Fitzgerald
Fae Myenne Ng,F,Asian,,"""She is a first-generation Chinese American author""",https://en.wikipedia.org/wiki/Fae_Myenne_Ng
Fiona Mozley,F,White,Y,"""Fiona Mozley was born in 1988 in the London Borough of Hackney, and now lives in Edinburgh. She used to live in York, where she grew up and attended Fulford School.""",https://en.wikipedia.org/wiki/Fiona_Mozley
Flannery O'Connor,F,White,,"""O'Connor was born on March 25, 1925, in Savannah, Georgia, the only child of Edward Francis O'Connor, a real estate agent, and Regina Cline, who were both of Irish descent""",https://en.wikipedia.org/wiki/Flannery_O'Connor
Ford Maddox Ford,M,White,Y,"""Ford Madox Ford was an English novelist, poet, critic and editor""",https://en.wikipedia.org/wiki/Ford_Madox_Ford
Frances Hodgson Burnett,F,White,Y,"""She was the third of five children of Edwin Hodgson, an ironmonger from Doncaster in Yorkshire, and his wife Eliza Boond, from a well-to-do Manchester family.""",https://en.wikipedia.org/wiki/Frances_Hodgson_Burnett
Francisco Jiménez,M,Latino/a/x,,"""Francisco Jiménez (born June 29, 1943 in Tlaquepaque, Mexico) is a Mexican-American writer and professor at Santa Clara University in Santa Clara, California.""",https://en.wikipedia.org/wiki/Francisco_Jim%C3%A9nez_(writer)
Frank Norris,M,White,Y,"""Norris was born in Chicago, Illinois, in 1870. His father, Benjamin, was a self-made Chicago businessman and his mother, Gertrude Glorvina Doggett, had a stage career.""",https://en.wikipedia.org/wiki/Frank_Norris
Franz Kafka,M,White,,"""Kafka was born into a middle-class German-speaking Czech Jewish family in Prague""",https://en.wikipedia.org/wiki/Franz_Kafka
Frederick Douglass,M,"Black, Native/Indigenous, White",,"""Douglass was of mixed race, which likely included Native American and African on his mother's side, as well as European""",https://en.wikipedia.org/wiki/Frederick_Douglass
Fyodor Dostoevsky,M,White,,"""Dostoevsky's paternal ancestors were part of a noble family of Russian Orthodox Christians. The family traced its roots back to Danilo Irtishch, who was granted lands in the Pinsk region (for centuries part of the Grand Duchy of Lithuania, now in modern-day Belarus""",https://en.wikipedia.org/wiki/Fyodor_Dostoevsky
Gabriel García Márquez,M,Latino/a/x,,"""Gabriel García Márquez was born on 6 March 1927 in Aracataca, Colombia, to Gabriel Eligio García and Luisa Santiaga Márquez Iguarán""",https://en.wikipedia.org/wiki/Gabriel_Garc%C3%ADa_M%C3%A1rquez
Geoffrey Canada,M,"Black, White",,"""Coming to terms with mixed roots can be surprising and sometimes even painful. Educator Geoffrey Canada visits Franklin County Virginia where, a white man possibly fathered one of his enslaved ancestors more than a century ago.""",https://www.pbs.org/weta/finding-your-roots/watch/extras/geoffrey-canada-both-sides-of-slavery
George Eliot,F,White,Y,"""Mary Ann Evans (22 November 1819 – 22 December 1880; alternatively Mary Anne or Marian), known by her pen name George Eliot, was an English novelist, poet, journalist, translator, and one of the leading writers of the Victorian era""",https://en.wikipedia.org/wiki/George_Eliot
George Jenkins,M,Black,,"""We Beat the Street: How a Friendship Pact Led to Success is an American autobiography aimed at young adults written by The Three Doctors and Sharon M. Draper"" ""The Three Doctors is a group of African-American motivational speakers, authors, and doctors""",https://en.wikipedia.org/wiki/We_Beat_the_Street
Sharon M. Draper,F,Black,,"""She is a five-time winner of the Coretta Scott King Award""",https://en.wikipedia.org/wiki/Sharon_Draper
George M. Johnson,X,Black,,"""George M. Johnson, is a queer Black American author"" ""Johnson is queer and non-binary.""",https://en.wikipedia.org/wiki/George_M._Johnson_(writer)
George Orwell,M,White,,"""His great-grandfather, Charles Blair, was a wealthy country gentleman and absentee owner of Jamaican plantations from Dorset who married Lady Mary Fane, daughter of the 8th Earl of Westmorland.""",https://en.wikipedia.org/wiki/George_Orwell
Gish Jen,F,Asian,,"""Gish Jen is a second-generation Chinese American.""",https://en.wikipedia.org/wiki/Gish_Jen
Gloria Naylor,F,Black,,"""The Naylors, who had been sharecroppers in Robinsonville, Mississippi, had migrated to Harlem to escape life in the segregated South""",https://en.wikipedia.org/wiki/Gloria_Naylor
Gustave Flaubert,M,White,Y,"""Flaubert was born in Rouen, in the Seine-Maritime department of Upper Normandy, in northern France. He was the second son of Anne Justine Caroline (née Fleuriot; 1793–1872) and Achille-Cléophas Flaubert (1784–1846), director and senior surgeon of the major hospital in Rouen""",https://en.wikipedia.org/wiki/Gustave_Flaubert
H. G. Bissinger,M,White,Y,"""Harry Gerard Bissinger III, also known as Buzz Bissinger and H. G. Bissinger (born November 1, 1954) is an American journalist and author""",https://en.wikipedia.org/wiki/Buzz_Bissinger
Ha Jin,M,Asian,,"""Jin Xuefei is a Chinese-American poet and novelist using the pen name Ha Jin""",https://en.wikipedia.org/wiki/Ha_Jin
Harper Lee,F,White,,"""Through her father, she was related to Confederate General Robert E. Lee"". Harper Lee is also a well-known example of a white author writing about Black characters",https://www.wikiwand.com/en/Harper_Lee
Harriet Beecher Stowe,F,White,Y,"""Harriet Elisabeth Beecher Stowe (/stoʊ/; June 14, 1811 – July 1, 1896) was an American author and abolitionist.""",https://en.wikipedia.org/wiki/Harriet_Beecher_Stowe
Haruki Murakami,M,Asian,,"""Murakami was born in Kyoto, Japan, during the post-World War II baby boom and raised in Nishinomiya, Ashiya and Kobe. He is an only child. His father was the son of a Buddhist priest, and his mother is the daughter of an Osaka merchant""",https://en.wikipedia.org/wiki/Haruki_Murakami
Héctor Tobar,M,Latino/a/x,,"Tobar is the son of Guatemalan immigrants. His long career in journalism includes work for The New Yorker, LA Weekly, and many positions at the Los Angeles Times.","https://ar.usembassy.gov/education-culture/los-angeles-guest-city-buenos-aires-international-book-fair/hector-tobar/#:~:text=Tobar%20is%20the%20son%20of,at%20the%20Los%20Angeles%20Times."
Henry David Thoreau,M,White,Y,"Henry David Thoreau (July 12, 1817 – May 6, 1862) was an American naturalist, essayist, poet, and philosopher",https://en.wikipedia.org/wiki/Henry_David_Thoreau
Henry Fielding,M,White,,"Henry Fielding was an English novelist, irony writer, and dramatist known for earthy humour and satire. His comic novel Tom Jones is still widely appreciated.",https://en.wikipedia.org/wiki/Henry_Fielding
Henry James,M,White,,"Henry James was an American Gothic author, best known for his works, The Turn of the Screw, The Portrait of a Lady, and The American. He was born in New York on the 15th of April 1843. His parents were of Irish descent with his paternal grandparents hailing from Bailieborough, Co. Cavan.","https://www.irelandxo.com/ireland-xo/history-and-genealogy/ancestor-database/henry-james-1843#:~:text=Henry%20James%20was%20an%20American,Cavan."
Herman Melville,M,White,,Herman was the third of eight children in a family of Scottish and Dutch descent.,https://en.wikipedia.org/wiki/Herman_Melville
Hermann Hesse,M,White,,"Hermann Karl Hesse (German: [ˈhɛʁman ˈhɛsə] ( listen); 2 July 1877 – 9 August 1962) was a German-Swiss poet, novelist, and painter.",https://en.wikipedia.org/wiki/Hermann_Hesse
Homeira Qaderi,F,MENA,,"""She was born in Kabul, Afghanistan during the Russian occupation to an artist mother and a father who is a high school teacher. Dr. Qaderi's early childhood was spent first sheltering from the Soviets and then from the civil war following the Soviet withdrawal.""",https://en.wikipedia.org/wiki/Homeira_Qaderi
Ian McEwan,M,White,,"""His father was a working-class Scotsman who had worked his way up through the army to the rank of major""",https://en.wikipedia.org/wiki/Ian_McEwan
Immaculee Ilibagiza,F,Black,,"""Immaculée Ilibagiza (born 1972) is a Rwandan American author and motivational speaker. """,https://en.wikipedia.org/wiki/Immacul%C3%A9e_Ilibagiza
Isaak Dinesen,F,White,,"""Baroness Karen Christenze von Blixen-Finecke (born Dinesen; 17 April 1885 – 7 September 1962) was a Danish author who wrote works in Danish and English. She is also known under her pen names Isak Dinesen, used in English-speaking countries,""",https://en.wikipedia.org/wiki/Karen_Blixen
Isabel Allende,F,Latino/a/x,,"""Allende was born in Lima, Peru, the daughter of Francisca Llona Barros called ""Doña Panchita"" (the daughter of Agustín Llona Cuevas and Isabel Barros Moreira, of Portuguese descent) and Tomás Allende, who was at the time a second secretary at the Chilean embassy.""",https://en.wikipedia.org/wiki/Isabel_Allende
Isabel Quintero,F,Latino/a/x,,"""Isabel Quintero is a writer and the daughter of Mexican immigrants.""","https://www.unr.edu/liberal-arts/mfa-creative-writing/faculty/isabel-quintero#:~:text=Summary,Inland%20Empire%20of%20Southern%20California."
Isabel Wilkerson,F,Black,,"""She won the Pulitzer Prize for Feature Writing in 1994, as Chicago Bureau Chief of The New York Times, making her the first African-American woman to win a Pulitzer Prize in journalism""",https://www.isabelwilkerson.com/
Ishmael Beah,M,Black,,"""In 1991, the Sierra Leone Civil War started. Rebels invaded Beah's hometown, Mogbwemo, located in the Southern Province of Sierra Leone, and he was forced to flee.""",https://en.wikipedia.org/wiki/Ishmael_Beah
J.D. Salinger,M,White,,"""His father, Sol Salinger, traded in Kosher cheese, and was from a family of Lithuanian-Jewish descent... Salinger's mother, Marie (née Jillich), was born in Atlantic, Iowa, of German, Irish, and Scottish descent""",https://en.wikipedia.org/wiki/J._D._Salinger
Jamal Joseph,M,"Black, Latino/a/x",,"""Jamal Joseph was born Edward L. Joseph in New York City. His parents, who never married, were both Afro-Cuban; his father, Alipio Zorilla, was a revolutionary comrade of Fidel Castro""",https://en.wikipedia.org/wiki/Jamal_Joseph
James Baldwin,M,Black,,"""James Arthur Baldwin (August 2, 1924 – December 1, 1987) was an African American writer."" ""The only out gay men in the movement were Baldwin and Bayard Rustin""",https://en.wikipedia.org/wiki/James_Baldwin#Inspiration_and_relationships
James Fenimore Cooper,M,White,Y,"""Shortly after James' first birthday, (1790) his family moved to Cooperstown, New York, a community founded by his father on a large piece of land which he had bought for development. Later, his father was elected to the United States Congress as a representative from Otsego County""",https://en.wikipedia.org/wiki/James_Fenimore_Cooper
James Joyce,M,White,,"""Joyce was born in Dublin into a middle-class family. He attended the Jesuit Clongowes Wood College in County Kildare, then, briefly, the Christian Brothers-run O'Connell School.""",https://en.wikipedia.org/wiki/James_Joyce
James McBride,M,"Black, White",,"""McBride's father, Rev. Andrew D. McBride (August 8, 1911 – April 5, 1957) was African-American; he died of cancer at the age of 45. His mother, Ruchel Dwajra Zylska (name changed to Rachel Deborah Shilsky, and later to Ruth McBride Jordan; April 1, 1921 – January 9, 2010), was a Jewish immigrant from Poland""",https://en.wikipedia.org/wiki/James_McBride_(writer)
James Weldon Johnson,M,"Black, White",,"""Johnson was born in 1871 in Jacksonville, Florida, the son of James Johnson, a Mulatto headwaiter and Helen Louise Dillet, a native of Nassau and Bahamas.""",https://en.wikipedia.org/wiki/James_Weldon_Johnson
Jane Austen,M,White,Y,"""Jane Austen (/ˈɒstɪn, ˈɔːs-/; 16 December 1775 – 18 July 1817) was an English novelist known primarily for her six major novels, which interpret, critique, and comment upon the British landed gentry at the end of the 18th century""",https://en.wikipedia.org/wiki/Jane_Austen
Jane Smiley,F,White,Y,"""Jane Smiley (born September 26, 1949) is an American novelist. She won the Pulitzer Prize for Fiction in 1992 for her novel A Thousand Acres (1991).""",https://en.wikipedia.org/wiki/Jane_Smiley
Janet Mock,F,"Black, Asian, Pacific Islander, White",,"""Her father, Charlie Mock III, is African-American, and her mother, Elizabeth (née Barrett), is of half Portuguese descent, part Asian descent and part Native Hawaiian (kānaka maoli) descent""",https://en.wikipedia.org/wiki/Janet_Mock
Jason Reynolds,M,Black,,"""At nine years old, Reynolds was inspired by Queen Latifah's third album, Black Reign, to start writing poetry. Outside of her rap, few literary works spoke to his experience of urban life growing up as a black child and then teenager in the 1980s and 1990s, and he didn't start reading books until he was 17.""",https://en.wikipedia.org/wiki/Jason_Reynolds
Brendan Kiely,M,White,,"""His most recent book is The Other Talk: Reckoning with Our White Privilege""",https://www.brendankiely.com/about-menu
Jay Asher,M,White,,"""Asher was born in Arcadia, California, on September 30, 1975. He is half Jewish.""",https://en.wikipedia.org/wiki/Jay_Asher
Jean Rhys,F,White,,"""Rhys's father, William Rees Williams, was a Welsh medical doctor and her mother, Minna Williams, née Lockhart, a third-generation Dominican Creole of Scots ancestry. (""Creole"" was broadly used in those times to refer to any person born on the island, whether they were of European or African descent, or both.)""",https://en.wikipedia.org/wiki/Jean_Rhys
Jeanette Winterson,F,White,Y,"""Winterson was born in Manchester and adopted by Constance and John William Winterson on 21 January 1960. She grew up in Accrington, Lancashire, and was raised in the Elim Pentecostal Church."" ""By the age of 16, Winterson had come out as a lesbian and left home""",https://en.wikipedia.org/wiki/Jeanette_Winterson
Jeannette Walls,F,White,Y,"""Jeannette Walls (born April 21, 1960) is an American author and journalist widely known as former gossip columnist for MSNBC.com and author of The Glass Castle, a memoir of the nomadic family life of her childhood""",https://en.wikipedia.org/wiki/Jeannette_Walls
Jeff Garvin,M,White,Y,"""Jeff Garvin is a writer and actor from Orange County, California. He has made guest star appearances on network TV and independent films spanning three decades. Jeff is also as an award-winning author.""",https://www.imdb.com/name/nm0308807/bio
Jeffrey Eugenides,M,White,,"""Eugenides was born in Detroit, Michigan to a father of Greek descent and a mother of English and Irish ancestry""",https://en.wikipedia.org/wiki/Jeffrey_Eugenides
Jesmyn Ward,F,Black,,"""She is the only woman and only African American to win the National Book Award for Fiction twice.",https://en.wikipedia.org/wiki/Jesmyn_Ward
Jhumpa Lahiri,F,Asian,,"""Lahiri was born in London, the daughter of Indian immigrants from the Indian state of West Bengal.",https://en.wikipedia.org/wiki/Jhumpa_Lahiri
Johann Wolfgang von Goethe,M,White,,"""Goethe was one of the very few figures of Germany’s 18th-century literary renaissance who were, in the full sense of the term, bourgeois.",https://www.britannica.com/biography/Johann-Wolfgang-von-Goethe
John E. Wideman,M,Black,,"""he became the second African American to win a Rhodes Scholarship",https://en.wikipedia.org/wiki/John_Edgar_Wideman
John Gardner,M,White,Y,"""John Champlin Gardner Jr. (July 21, 1933 – September 14, 1982) was an American novelist, essayist, literary critic and university professor. ",https://en.wikipedia.org/wiki/John_Gardner_(American_writer)
John Green,M,White,,"""The thing is, we can’t pretend John Green’s whiteness, his maleness, and his heterosexuality aren’t central to his brand.""",https://bookriot.com/blindingly-white-bookcon-john-green-speak-up/
John Irving,M,White,,"""New England pale-face, novelist John Irving, has taken a stand""",https://www.latimes.com/archives/la-xpm-1994-09-04-bk-34461-story.html
John Knowles,M,White,Y,"""Knowles was born on September 17, 1926"" ""His father was a coal company executive""",https://en.wikipedia.org/wiki/John_Knowles
John Steinbeck,M,White,,"""He was of German, English, and Irish descent",https://en.wikipedia.org/wiki/John_Steinbeck
Jon Krakauer,M,White,,""" His father was Jewish and his mother was a Unitarian of Scandinavian descent.""",https://en.wikipedia.org/wiki/Jon_Krakauer
Jonathan Safran Foer,M,White,,"""Safran Foer is the middle son of a Jewish family. """,https://en.wikipedia.org/wiki/Jonathan_Safran_Foer
Jonathan Swift,M,White,,"""Jonathan Swift was born on 30 November 1667 in Dublin in the Kingdom of Ireland."" ""His father was a native of Goodrich, Herefordshire"" ""His maternal grandfather, James Ericke, was the vicar of Thornton in Leicestershire""",https://en.wikipedia.org/wiki/Jonathan_Swift
Jose Antonio Villarreal,M,Latino/a/x,,"""José Antonio Villarreal (30 July 1924 – 13 January 2010) was an American Chicano novelist.""",https://en.wikipedia.org/wiki/Jos%C3%A9_Antonio_Villarreal
Joseph Conrad,M,White,,"""almost all the countryside was owned by the Polish szlachta (nobility), to which Conrad's family belonged as bearers of the Nałęcz coat-of-arms""",https://en.wikipedia.org/wiki/Joseph_Conrad
Joseph Heller,M,White,,"""Heller was born on May 1, 1923 in Coney Island in Brooklyn, New York,[4][5] the son of poor Jewish parents, Lena and Isaac Donald Heller,[6] from Russia""",https://en.wikipedia.org/wiki/Joseph_Heller
Joshua Davis,M,White,Y,"""Davis is the son of Miss Nevada winner Janet Hadland and Highlander film producer Peter S. Davis.""",https://en.wikipedia.org/wiki/Joshua_Davis_(writer)
Joy Kogawa,F,Asian,,"""Joy Nozomi Kogawa CM OBC (born June 6, 1935) is a Canadian poet and novelist of Japanese descent""",https://en.wikipedia.org/wiki/Joy_Kogawa
Joyce Carol Oates,F,White,,"""Oates was born in Lockport, New York, the eldest of three children of Carolina (née Bush), a homemaker of Hungarian descent""",https://en.wikipedia.org/wiki/Joyce_Carol_Oates
Juan Gabriel Vásquez,M,Latino/a/x,,"""Juan Gabriel Vásquez (born in Bogotá on January 1, 1973) is a Colombian writer, journalist and translator.""",https://en.wikipedia.org/wiki/Juan_Gabriel_V%C3%A1squez
Julia Alvarez,F,Latino/a/x,,"""Many of Alvarez's works are influenced by her experiences as a Dominican-American""",https://en.wikipedia.org/wiki/Julia_Alvarez
Julie Otsuka,F,Asian,,"""Both of her parents were of Japanese descent, with her father being an issei and her mother being a nisei""",https://en.wikipedia.org/wiki/Julie_Otsuka
Junot Díaz,M,Latino/a/x,,"""Junot Díaz (/ˈdʒuːnoʊ/; born December 31, 1968) is a Dominican-American writer,""",https://en.wikipedia.org/wiki/Junot_D%C3%ADaz
Justin Torres,M,"Latino/a/x, White",,"""Justin Torres was born to a father of Puerto Rican descent and a mother of Italian and Irish descent""",https://en.wikipedia.org/wiki/Justin_Torres
Kacen Callender,X,Black,,"""Callender is Black, queer, trans, and uses they/them and he/him pronouns""",https://en.wikipedia.org/wiki/Kacen_Callender
Kao Kalia Yang,F,Asian,,"""Kao Kalia Yang (born 1980) is a Hmong American writer """,https://en.wikipedia.org/wiki/Kao_Kalia_Yang
Karla Cornejo Villavicencio,F,Latino/a/x,,"""Karla Cornejo Villavicencio (born 1989) is an Ecuadorian-American writer """,https://en.wikipedia.org/wiki/Karla_Cornejo_Villavicencio
Kate Chopin,F,White,,"""Of maternal French and paternal Irish descent, Chopin was born in St. Louis, Missouri.""",https://en.wikipedia.org/wiki/Kate_Chopin
Kathryn Stockett,F,White,,"""She is known for her 2009 debut novel, The Help, which is about African-American maids working in white households in Jackson, Mississippi, during the 1960s."" ""Reflective of her first novel, Stockett was very close to an African American domestic worker.""",https://en.wikipedia.org/wiki/Kathryn_Stockett
Kazuo Ishiguro,M,Asian,,"
Sir Kazuo Ishiguro OBE FRSA FRSL is a Japanese-British novelist, screenwriter, musician, and short-story writer. Ishiguro was born in Nagasaki, Japan, and moved to Britain in 1960 with his parents when he was five",https://en.wikipedia.org/wiki/Kazuo_Ishiguro
Kelly Parra,F,"Latino/a/x, White, Asian",,"""Kelly is multicultural. She went all out and had her DNA tested. Her nationalities are Mexican, Filipino, and Italian, with some light ancestorial markers in between.""",https://www.amazon.com/Graffiti-Girl-Kelly-Parra/dp/141653461X
Ken Kesey,M,White,Y,"Ken Elton Kesey was an American novelist, essayist and countercultural figure. He considered himself a link between the Beat Generation of the 1950s and the hippies of the 1960s. Kesey was born in La Junta, Colorado, and grew up in Springfield, Oregon, graduating from the University of Oregon in 1957.",https://en.wikipedia.org/wiki/Ken_Kesey
Khaled Hosseini,M,MENA,,"Khaled Hosseini is an Afghan-American novelist, UNHCR goodwill ambassador, and former physician. His debut novel The Kite Runner was a critical and commercial success; the book and his subsequent novels have all been at least partially set in Afghanistan and have featured an Afghan as the protagonist",https://khaledhosseini.com/
Kim Edwards,F,White,Y,"""Kim Edwards (born May 4, 1958) is an American author and educator. She was born in Killeen, Texas, grew up in the Finger Lakes region of upstate New York, and graduated from Colgate University and The University of Iowa""",https://en.wikipedia.org/wiki/Kim_Edwards
Kiran Desai,F,Asian,,"""Kiran Desai (born 3 September 1971) is an Indian author. """,https://en.wikipedia.org/wiki/Kiran_Desai
Kurt Vonnegut,M,White,,"""He had descended from German immigrants who settled in the United States in the mid-19th century;""",https://en.wikipedia.org/wiki/Kurt_Vonnegut
Lan Cao,F,Asian,,"""She was born in Saigon, South Vietnam and grew up in Saigon's twin city, Cholon. In 1975, when communist forces defeated South Vietnam, she was flown out of Vietnam.""",https://en.wikipedia.org/wiki/Lan_Cao
Laura Esquivel,F,Latino/a/x,,"Laura Beatriz Esquivel Valdés is a Mexican novelist, screenwriter and politician, serving in the LXIII Legislature of the Mexican Congress in the Chamber of Deputies for the Morena Party from 2015 to 2018.",https://en.wikipedia.org/wiki/Laura_Esquivel
Laurie Halse Anderson,F,White,Y,"Laurie Halse Anderson is an American writer, known for children's and young adult novels.",https://en.wikipedia.org/wiki/Laurie_Halse_Anderson
Leo Tolstoy,M,White,,"Count Lev Nikolayevich Tolstoy, usually referred to in English as Leo Tolstoy, was a Russian writer who is regarded as one of the greatest authors of all time.",https://en.wikipedia.org/wiki/Leo_Tolstoy
Leslie Marmon Silko,F,"Native/Indigenous, White, Latino/a/x",,"""Her mixed-race family was of white American, Native American, and Mexican descent.""",https://en.wikipedia.org/wiki/Leslie_Marmon_Silko
Lewis Carroll,M,White,,"Charles Lutwidge Dodgson , better known by his pen name Lewis Carroll, was an English author, poet and mathematician.",https://en.wikipedia.org/wiki/Lewis_Carroll
Lisa See,F,Asian,,"""Her paternal great-grandfather Fong See (鄺泗) was Chinese, making her one-eighth Chinese. This has had a great impact on her life and work. She has written for and led in many cultural events emphasizing the importance of Los Angeles and Chinatown.""",https://en.wikipedia.org/wiki/Lisa_See
Lois Lowry,F,White,,"""Initially, Lowry's parents named her ""Cena"" for her Norwegian grandmother, but upon hearing the news, her grandmother telegraphed and instructed Lowry's parents that the child should have an American name""",https://en.wikipedia.org/wiki/Lois_Lowry
Louis Sachar,M,White,,"""Sachar was born to a religious Jewish family in East Meadow, New York. """,https://en.wikipedia.org/wiki/Louis_Sachar
Louisa May Alcott,F,White,,"""Little Women is set in the Alcott family home, Orchard House, in Concord, Massachusetts, and is loosely based on Alcott's childhood""",https://www.wikiwand.com/en/Louisa_May_Alcott
Louise Erdrich,F,"Native/Indigenous, White",,"""She was the oldest of seven children born to Ralph Erdrich, a German-American, and Rita (née Gourneau), a Chippewa woman (of half Ojibwe and half French blood)""",https://en.wikipedia.org/wiki/Louise_Erdrich
Louise O'Neill,F,White,,"""Louise O'Neill is an Irish author who writes primarily for young adults. She was born in 1985 and grew up in Clonakilty, in West Cork, Ireland.""",https://en.wikipedia.org/wiki/Louise_O'Neill
Loung Ung,F,Asian,,"""Loung Ung (Khmer: អ៊ឹង លួង; born 19 November 1970) is a Cambodian American human-rights activist, lecturer and national spokesperson for the Campaign for a Landmine-Free World, between 1997 and 2003.""",https://en.wikipedia.org/wiki/Loung_Ung
Luis J. Rodriguez,M,Latino/a/x,,"""Rodriguez is recognized as a major figure in contemporary Chicano literature, identifying himself as a native Xicanx writer""",https://en.wikipedia.org/wiki/Luis_J._Rodriguez
M.T. Anderson,M,White,Y,"""Anderson was born in Cambridge, Massachusetts. His father Will Anderson was an engineer, and his mother Juliana Anderson was an Episcopal priest.""",https://en.wikipedia.org/wiki/M._T._Anderson
Madeline Miller,F,White,Y,"""Madeline Miller (born July 24, 1978) is an American novelist, author of The Song of Achilles (2011) and Circe (2018). """,https://en.wikipedia.org/wiki/Madeline_Miller
Malala Yousafzai,F,MENA,,"""Her family is Sunni Muslim of Pashtun ethnicity, belonging to the Yusufzai tribe.""",https://en.wikipedia.org/wiki/Malala_Yousafzai
Margaret Ajemian Ahnert,F,MENA,,"Margaret Ahnert was born in New York City in 1938. Growing up, she loved to hear her mother's stories about her own childhood during the Armenian genocide in Turkey.",https://www.google.com/books/edition/The_Knock_at_the_Door/lI2ccQAACAAJ?hl=en
Margaret Atwood,F,White,Y,"Margaret Eleanor Atwood CC OOnt CH FRSC FRSL is a Canadian poet, novelist, literary critic, essayist, teacher, environmental activist, and inventor.",https://en.wikipedia.org/wiki/Margaret_Atwood
Margaret Laurence,F,White,Y,"Jean Margaret Laurence CC was a Canadian novelist and short story writer, and is one of the major figures in Canadian literature. She was also a founder of the Writers' Trust of Canada, a non-profit literary organization that seeks to encourage Canada's writing community. ",https://en.wikipedia.org/wiki/Margaret_Laurence
Maria Testa,F,White,,Maria Testa (5 February 1956 – 13 September 2009) was an Italian archer. ,"https://en.wikipedia.org/wiki/Maria_Testa#:~:text=Maria%20Testa%20(5%20February%201956,at%20the%201992%20Summer%20Olympics."
Marilynne Robinson,F,White,Y,"Marilynne Summers Robinson (born November 26, 1943) is an American novelist and essayist.",https://en.wikipedia.org/wiki/Marilynne_Robinson
Mark Twain,M,White,,"""Twain was of Cornish, English, and Scots-Irish descent""",https://www.wikiwand.com/en/Mark_Twain
Markus Zusak,M,White,,Markus Zusak is an Australian writer with Austrian and German roots.,https://en.wikipedia.org/wiki/Markus_Zusak
"Martin Luther King, Jr.",M,Black,,"""An African-American church leader and a son of early civil rights activist and minister Martin Luther King Sr., King advanced civil rights for people of color in the United States through nonviolence and civil disobedience. """,https://en.wikipedia.org/wiki/Martin_Luther_King_Jr.
Mary Shelley,F,White,,"""Mary Shelley was born Mary Wollstonecraft Godwin in Somers Town, London, in 1797. She was the second child of the feminist philosopher, educator, and writer Mary Wollstonecraft and the first child of the philosopher, novelist, and journalist William Godwin""",https://en.wikipedia.org/wiki/Mary_Shelley
Matthew Desmond,M,White,Y,"""Matthew Desmond is a sociologist and the Maurice P. During Professor of Sociology at Princeton University, where he is also the principal investigator of the Eviction Lab.""",https://en.wikipedia.org/wiki/Matthew_Desmond
Matthew Kaopio,M,Pacific Islander,,"""The Kamehameha Schools graduate is the one of the founding Hawaii artists in a newly emerging professional business initiative for native Hawaiian artists and others with disabilities.""",http://www.ntac.hawaii.edu/employ_success_stories/consumers/stories/story003.html
Max Brooks,M,White,,"""He is the son of comedy filmmaker Mel Brooks and actress Anne Bancroft.""",https://en.wikipedia.org/wiki/Max_Brooks
Maxine Hong Kingston,F,Asian,,"""Kingston was born Maxine Ting Ting Hong on October 27, 1940, in Stockton, California, to first-generation Chinese immigrants,""",https://en.wikipedia.org/wiki/Maxine_Hong_Kingston
Maya Angelou,F,Black,,"""She was respected as a spokesperson for Black people and women, and her works have been considered a defense of Black culture"" ""In ""an astonishing exception""[8] to the harsh economics of African Americans of the time, Angelou's grandmother prospered financially during the Great Depression and World War II """,https://en.wikipedia.org/wiki/Maya_Angelou
Michael Dorris,M,"Native/Indigenous, White",,"""Michael Dorris was born in Louisville, Kentucky to Mary Besy (née Burkhardt) and Jim Dorris. (The senior Dorris was later reported as mixed race, with a Native American father.)""",https://en.wikipedia.org/wiki/Michael_Dorris
Michael Herr,M,White,,"""His family was Jewish",https://en.wikipedia.org/wiki/Michael_Herr
Michael Ondaatje,M,"White, Asian",,"""Ondaatje was born in Colombo, Sri Lanka in 1943, of Burgher descent (Dutch and Sinhalese)""",https://en.wikipedia.org/wiki/Michael_Ondaatje
Michael Patrick MacDonald,M,White,,"""He is of Irish descent.""",https://en.wikipedia.org/wiki/Michael_Patrick_MacDonald
Michelle Zauner,F,"Asian, White",,"""Her mother was Korean and her father is American of Jewish heritage.""",https://en.wikipedia.org/wiki/Michelle_Zauner
Miguel de Cervantes,M,White,,"""Miguel de Cervantes Saavedra was an Early Modern Spanish writer""",https://en.wikipedia.org/wiki/Miguel_de_Cervantes
MK Asante,M,Black,,"""Born in Harare, Zimbabwe and raised in Philadelphia, Pennsylvania, Asante is the son of scholar Molefi Kete Asante and choreographer Kariamu Welsh.""",https://en.wikipedia.org/wiki/M._K._Asante
Moustafa Bayoumi,M,MENA,,"""He is of Egyptian descent.""",https://en.wikipedia.org/wiki/Moustafa_Bayoumi
Muriel Spark,F,White,,""" Her father was Jewish, born in Edinburgh of Lithuanian immigrant parents, and her English mother had been raised Anglican""",https://en.wikipedia.org/wiki/Muriel_Spark
N Scott Momaday,M,Native/Indigenous,,"""He was delivered in the Kiowa and Comanche Indian Hospital, registered as having seven-eighths Indian blood",https://en.wikipedia.org/wiki/N._Scott_Momaday
Nancy Farmer,F,White,Y,"""Nancy Farmer is an American author of children's and young adult books and science fiction.""",https://en.wikipedia.org/wiki/Nancy_Farmer
Nathaniel Hawthorne,M,White,,"""William Hathorne, the author's great-great-great-grandfather, was a Puritan and the first of the family to emigrate from England. """,https://www.wikiwand.com/en/Nathaniel_Hawthorne
Nawal El Saadawi,F,MENA,,"""Her Upper Egyptian father was a government official in the Ministry of Education, who had campaigned against the British occupation of Egypt during the Egyptian Revolution of 1919""",https://en.wikipedia.org/wiki/Nawal_El_Saadawi
Neal Shusterman,M,White,,"""His family is Jewish""",https://en.wikipedia.org/wiki/Neal_Shusterman
Neil deGrasse Tyson,M,"Black, Latino/a/x",,"""His African-American father, Cyril deGrasse Tyson"" ""His mother, Sunchita Maria Tyson (née Feliciano; born 1928), was a gerontologist for the U.S. Department of Health, Education and Welfare, and is of Puerto Rican descent""",https://en.wikipedia.org/wiki/Neil_deGrasse_Tyson
Nella Larsen,F,Black,,"""Her mother was Pederline Marie Hansen, a Danish immigrant,"" ""Her father was Peter Walker, believed to be a mixed-race Afro-Caribbean immigrant from the Danish West Indies.""",https://en.wikipedia.org/wiki/Nella_Larsen
Nic Stone,F,Black,,"""She is African-American and is openly bisexual.""",https://en.wikipedia.org/wiki/Nic_Stone
Nietzsche,M,White,,"""Friedrich Wilhelm Nietzsche was a German philosopher, prose poet, cultural critic, philologist, and composer whose work has exerted a profound influence on contemporary philosophy""",https://en.wikipedia.org/wiki/Friedrich_Nietzsche
Nikki Grimes,F,Black,,"""Her novel Bronx Masquerade was named the Coretta Scott King Award book in 2002. The Coretta Scott King Award is ""given to African-American authors and illustrators for outstanding inspirational and educational contributions.""""",https://en.wikipedia.org/wiki/Nikki_Grimes
Norman Maclean,M,White,,"""In his novella, A River Runs Through It, Norman Maclean wrote that his paternal ancestors were from the Isle of Mull, in the Inner Hebrides of Scotland. According to his son, however, their paternal ancestors were Gaelic speaking Presbyterians and from the Isle of Coll, which is ""located about seven miles west of the Clan MacLean stronghold, the Isle of Mull"".""",https://en.wikipedia.org/wiki/Norman_Maclean
NoViolet Bulawayo,F,Black,,"""Her debut novel, We Need New Names, was shortlisted for the 2013 Booker Prize, and her second novel, Glory, was shortlisted for the 2022 Booker Prize, making her ""the first Black African woman to appear on the Booker list twice""""",https://en.wikipedia.org/wiki/NoViolet_Bulawayo
Octavia E. Butler,F,Black,,"""Growing up in the racially integrated community of Pasadena allowed Butler to experience cultural and ethnic diversity in the midst of racial segregation. She accompanied her mother to her cleaning work where, as workers, the two entered white people's houses through back doors. Her mother was treated poorly by her employers""",https://en.wikipedia.org/wiki/Octavia_E._Butler
Oliver Goldsmith,M,White,Y,"""Oliver Goldsmith (10 November 1728 – 4 April 1774) was a well known Anglo-Irish novelist, playwright, dramatist and poet,""",https://en.wikipedia.org/wiki/Oliver_Goldsmith
Orhan Pamuk,M,MENA,,"""Pamuk was born in Istanbul, in 1952, and he grew up in a wealthy yet declining upper-class family""",https://en.wikipedia.org/wiki/Orhan_Pamuk
Orson Scott Card,M,White,,"""Card's family has Mormon pioneer heritage.""",https://en.wikipedia.org/wiki/Orson_Scott_Card
Oscar Wilde,M,White,,"""Wilde's parents were Anglo-Irish intellectuals in Dublin.""",https://en.wikipedia.org/wiki/Oscar_Wilde
Patricia McCormick,F,White,Y,"""Patricia McCormick (born May 23, 1956) is an American journalist and writer """,https://en.wikipedia.org/wiki/Patricia_McCormick_(author)
Patrick Flores-Scott,M,Latino/a/x,,"""I was born and raised in the Snoqualmie Valley (just east of Seattle), in the dark, wet foothills of Washington's Cascade Mountains.  My dad is a life-long Valley-ite, and my mom is from Uruguay.  This meant my two sisters and I were comfortable being scolded in either Spanish or English""",http://patrickfloresscott.com/bio.html
Patrisse Cullors,F,Black,,"""Patrisse has been honored with various awards including: The Sydney Peace Prize Award (2017), Black Woman of the Year Award (2015) from The National Congress of Black Women, Civil Rights Leader for the 21st Century Award (2015) from the Los Angeles Times, Community Change Agent Award (2016) from BLACK GIRLS ROCK!, Inc., Women of the Year Award for the Justice Seekers Award (2016) from Glamour, and ESSENCE’ first-ever Woke Award.",https://www.womenshistory.org/patrisse-cullors
asha bandele,F,Black,,"""asha bandele first attained recognition when she penned her 1999 debut book, The Prisoner’s Wife, a powerful, lyrical memoir about a young Black woman’s romance and marriage with a man who was serving a twenty-to-life sentence in prison""",https://aalbc.com/authors/author.php?author_name=asha+bandele
Paula Hawkins,F,White,,"Paula Hawkin's Wikipedia page is categorized under ""White Zimbabwean people""",https://en.wikipedia.org/wiki/Paula_Hawkins_(author)
Paule Marshall,F,Black ,,"""Paule Marshall, Influential Black Novelist, Dies at 90",https://www.nytimes.com/2019/08/16/books/paule-marshall-dead.html
Paulo Coelho,M,Latino/a/x,,"""Coelho was raised in Rio de Janeiro. He rebelled against the conventions of his Roman Catholic upbringing",https://www.britannica.com/biography/Paulo-Coelho
Philip Roth,M,White,,"""Roth's family was Jewish, and his parents were second-generation Americans""",https://en.wikipedia.org/wiki/Philip_Roth
Piri Thomas,M,"Latino/a/x, Black",,"""Thomas was also exposed to racial discrimination because of his Afro-Latino heritage.""",https://en.wikipedia.org/wiki/Piri_Thomas
Pulma Gobodo-Madikizela,F,Black,,"""Like most Black South Africans of her generation who were active in student politics, both her high-school and university years were interrupted by expulsions",https://en.wikipedia.org/wiki/Pumla_Gobodo-Madikizela
Ralph Ellison,M,Black,,"""Ellison applied twice for admission to Tuskegee Institute, the prestigious all-black university in Alabama founded by Booker T. Washington.""",https://www.wikiwand.com/en/Ralph_Ellison
Randy Ribay,M,Asian,,"""Randy Ribay was born in the Philippines and raised in the Midwest",http://www.randyribay.com/about.html
Raquel Cepeda,F,Latino/a/x,,"""Raquel Cepeda is an American journalist, critic, film-maker, and autobiographer of Dominican descent.""",https://en.wikipedia.org/wiki/Raquel_Cepeda
Ray Bradbury,M,White,,"""Bradbury was born in Waukegan, Illinois, to Esther (née Moberg) Bradbury (1888–1966), a Swedish immigrant, and Leonard Spaulding Bradbury (1890–1957), a power and telephone lineman of English ancestry""",https://en.wikipedia.org/wiki/Ray_Bradbury
Rebecca Skloot,F,White,,""" Skloot said, ""in the Pacific Northwest, [her] roots [are] half New York Jew and half Midwestern Protestant.",https://en.wikipedia.org/wiki/Rebecca_Skloot
Reyna Grande,F,Latino/a/x,,"""Reyna Grande (born 7 September 1975, Iguala, Guerrero, Mexico) is a Mexican author living in the United States.",https://en.wikipedia.org/wiki/Reyna_Grande
Richard Hughes,M,White,Y,"""He was born in Weybridge, Surrey. His father was Arthur Hughes, a civil servant, and his mother Louisa Grace Warren who had been brought up in the West Indies in Jamaica. ",https://en.wikipedia.org/wiki/Richard_Hughes_(British_writer)
Richard Wright,M,Black,,"""His parents were born free after the Civil War; both sets of his grandparents had been born into slavery and freed as a result of the war. Each of his grandfathers had taken part in the U.S. Civil War and gained freedom through service""",https://en.wikipedia.org/wiki/Richard_Wright_(author)
Rigoberta Menchu,F,"Latino/a/x, Native/Indigenous",,"""Rigoberta Menchú was born to a poor Indigenous family of K'iche' Maya descent in Laj Chimel, a rural area in the north-central Guatemalan province of El Quiché.[5] Her family was one of many Indigenous families who could not sustain themselves""",https://en.wikipedia.org/wiki/Rigoberta_Mench%C3%BA
Robert Caro,M,White,,"""Caro was born in New York City, the son of Jewish parents",https://en.wikipedia.org/wiki/Robert_Caro
Robert Penn Warren,M,White,Y,"""Warren's mother's family had roots in Virginia, having given their name to the community of Penn's Store in Patrick County, Virginia, and she was a descendant of Revolutionary War soldier Colonel Abram Penn""",https://en.wikipedia.org/wiki/Robert_Penn_Warren
Robertson Davies,M,White,,"""(William) Rupert Davies (12 September 1879 – 11 March 1967) was a Welsh-Canadian author, editor, newspaper publisher, and politician"" ""Davies was the father of author Robertson Davies, Arthur Davies and Fred Davies. """,https://en.wikipedia.org/wiki/Rupert_Davies_(politician)
Rohinton Mistry,M,Asian,,"""Rohinton Mistry CM (born 1952) is an Indian-born Canadian writer.",https://en.wikipedia.org/wiki/Rohinton_Mistry
Rudolfo Anaya,M,Latino/a/x,,"""His father, Martín Anaya, was a vaquero from a family of cattle workers and sheepherders. His mother, Rafaelita (Mares), was from a family composed of farmers from Puerto De Luna in the Pecos Valley of New Mexico",https://en.wikipedia.org/wiki/Rudolfo_Anaya
Ruth Ozeki,F,"Asian, White",,"""The daughter of a Japanese mother and a Caucasian-American father, she was born and raised in New Haven, Connecticut.""",https://www.ruthozeki.com/about/long-bio
S. E. Hinton,F,White,Y,"""Susan Eloise Hinton (born July 22, 1948) is an American writer best known for her young-adult novels (YA) set in Oklahoma""",https://en.wikipedia.org/wiki/S._E._Hinton
Salman Rushdie,M,Asian,,"""Ahmed Salman Rushdie[9] was born in Bombay on 19 June 1947[10] during the British Raj, into an Indian Kashmiri Muslim family.",https://en.wikipedia.org/wiki/Salman_Rushdie
Sandra Cisneros,F,Latino/a/x,,"""regarded as a key figure in Chicano literature""",https://en.wikipedia.org/wiki/Sandra_Cisneros
Sapphire,F,Black,,"""Lofton took the name ""Sapphire"" because of its one-time cultural association with the image of a ""belligerent black woman,""",https://en.wikipedia.org/wiki/Sapphire_(author)
Sarah Orne Jewett,F,White,Y,"""Sarah Orne Jewett was born in South Berwick, Maine on September 3, 1849. Her family had been residents of New England for many generations.""",https://en.wikipedia.org/wiki/Sarah_Orne_Jewett
Saul Bellow,M,White,,"""Saul Bellow was born Solomon Bellows[9][10] in Lachine, Quebec, two years after his parents, Lescha (née Gordin) and Abraham Bellows,[11] emigrated from Saint Petersburg, Russia""",https://en.wikipedia.org/wiki/Saul_Bellow
Selamawi Asgedom,M,Black,,"Selamawi Asgedom or Mawi Asgedom for short, is an author, public speaker, and a refugee of Ethiopian and Eritrean origin",https://en.wikipedia.org/wiki/Selamawi_Asgedom
Sharon G. Flake,F,Black,,"""She has also won two Coretta Scott King Awards.[2]""",https://en.wikipedia.org/wiki/Sharon_G._Flake
Sherman Alexie,M,Native/Indigenous,,"""Sherman Joseph Alexie Jr. is a Spokane-Coeur d'Alene-Native American novelist""",https://en.wikipedia.org/wiki/Sherman_Alexie
Shirley Jackson,F,White,Y,"""Jackson also churned out stories and novels that probed the psyches of abuse survivors, tackled the symptoms of dissociative disorder, and lambasted the casual anti-Semitism and racism that was common among her fellow 1950s Americans.",https://www.tor.com/2017/10/03/the-haunted-houses-and-haunted-psyches-of-shirley-jackson/
Shobha Rao,F,Asian,,"""Shobha Rao, an immigrant from India, recalls two interactions with her peers that reminded her of when she helped her parents say “yes” to remaining in America.""",https://www.tellussomething.org/stories/2016/fork-in-the-road/shobha-rao-ask-me-again/
Sinclair Lewis,M,White,Y,"""I was born in a prairie village in that most Scandinavian part of America, Minnesota, the son of a country doctor, in 1885""",https://www.nobelprize.org/prizes/literature/1930/lewis/biographical/
Sister Souljah,F,Black,,""" She felt that she was being taught very little of her history, since the junior high school and high school left out Black history, art, and culture.""",https://en.wikipedia.org/wiki/Sister_Souljah
Solomon Northup,M,Black,,"""A free-born African American from New York, he was the son of a freed slave and a free woman of color. """,https://en.wikipedia.org/wiki/Solomon_Northup
Sonia Nazario,F,Latino/a/x,,"""She has been named among the most influential Latinos by Hispanic Business Magazine and a “trendsetter” by Hispanic Magazine.",http://enriquesjourney.com/about-sonia/bio-2/
Stephanie Kallos,F,White,Y,"""Stephanie Kallos was born in Idaho and grew up in Nebraska""",https://www.stephaniekallos.com/about
Stephen Chbosky,M,White,Y,"""He is the son of Lea (née Meyer), a tax preparer, and Fred G. Chbosky, a steel company executive and consultant to CFOs."" ""He was raised Catholic""",https://en.wikipedia.org/wiki/Stephen_Chbosky
Stephen Crane,M,White,,"""The Cranes were descended from Jaspar Crane, a founder of New Haven Colony, who had migrated there from England in 1639",https://en.wikipedia.org/wiki/Stephen_Crane
Stephen King,M,White,,"""Even if he weren’t a 72-year-old unspeakably rich White man who has spent the bulk of his life in a state whose Black population has never broken 5% — Maine is literally the Whitest state in the country — those things would be true for all White people. ",https://www.levelman.com/stephen-king-needs-more-black-friends-5547f245d424/
Sue Monk Kidd,F,White,Y,"""Sue Monk Kidd (born August 12, 1948) is an American writer from Sylvester, Georgia """,https://en.wikipedia.org/wiki/Sue_Monk_Kidd
Sun-Mi Hwang,F,Asian,,"""Hwang Seon-mi (born 1963) is a South Korean author and professor ",https://en.wikipedia.org/wiki/Hwang_Seon-mi
Suzanne Collins,F,White,Y,"""Born in Hartford, Connecticut on August 10, 1962, Collins is the daughter of a U.S. Air Force officer""",https://www.imdb.com/name/nm1056741/
Sylvia Plath,F,White,,"""Her mother, Aurelia Schober Plath (1906–1994), was a second-generation American of Austrian descent, and her father, Otto Plath (1885–1940), was from Grabow, Mecklenburg-Schwerin, Germany""",https://en.wikipedia.org/wiki/Sylvia_Plath
Ta-Nehisi Coates,M,Black,,"""Ta-Nehisi Coates is one of the most original and perceptive black voices today",https://www.pbs.org/weta/finding-your-roots/about/meet-our-guests/ta-nehisi-coates
Tara Westover,F,White,Y,"""Westover was the youngest of seven children born in Clifton, Idaho (population 259) to Mormon survivalist parents. """,https://en.wikipedia.org/wiki/Tara_Westover
Theodore Dreiser,M,White,,"""Dreiser was born in Terre Haute, Indiana, to John Paul Dreiser and Sarah Maria (née Schanab).[3] John Dreiser was a German immigrant from Mayen in the Rhine Province of Prussia, and Sarah was from the Mennonite farming community near Dayton, Ohio. """,https://en.wikipedia.org/wiki/Theodore_Dreiser
Thomas Hardy,M,White,Y,"""Thomas Hardy was born on 2 June, 1840 in Higher Bockhampton (then Upper Bockhampton), a hamlet in the parish of Stinsford to the east of Dorchester in Dorset, England, where his father Thomas (1811–1892) worked as a stonemason and local builder""",https://en.wikipedia.org/wiki/Thomas_Hardy
Thomas Mann,M,White,,"""Paul Thomas Mann was born to a bourgeois family in Lübeck, the second son of Thomas Johann Heinrich Mann (a senator and a grain merchant) and his wife Júlia da Silva Bruhns, a Brazilian woman of German and Portuguese ancestry, who emigrated to Germany with her family when she was seven years old""",https://en.wikipedia.org/wiki/Thomas_Mann
Thomas More,M,White,,":Born on Milk Street in the City of London, on 7 February 1478, Thomas More was the son of Sir John More,[15] a successful lawyer and later a judge,[9] and his wife Agnes (née Graunger). He was the second of six children. More was educated at St. Anthony's School, then considered one of London's best schools.""",https://en.wikipedia.org/wiki/Thomas_More
Thomas Wolfe,M,White,Y,"""Wolfe was born in Asheville, North Carolina"", ""His father, a successful stone carver, ran a gravestone business.""",https://en.wikipedia.org/wiki/Thomas_Wolfe
Tim O'Brien,M,White,Y,"""Tim O'Brien (born October 1, 1946) is an American novelist who served as a soldier in the Vietnam War.""",https://en.wikipedia.org/wiki/Tim_O%27Brien_(author)
Tobias Wolff,M,White,,"""Wolff was born in 1945 in Birmingham, Alabama, the second son of Rosemary (Loftus) from Hartford, Connecticut, and Arthur Samuels Wolff, an aeronautical engineer who was a son of a Jewish doctor and his wife""",https://en.wikipedia.org/wiki/Tobias_Wolff
Tommy Orange,M,Native/Indigenous,,""" According to a New York Times review, Orange's father was a Native American ceremony leader, while his mother converted for a time to Christianity.""",https://en.wikipedia.org/wiki/Tommy_Orange
Toni Morrison,F,Black,,"""Toni Morrison was born Chloe Ardelia Wofford,[2] the second of four children from a working-class, Black family, in Lorain, Ohio, to Ramah (née Willis) and George Wofford.""",https://en.wikipedia.org/wiki/Toni_Morrison
Trevor Noah,M,"White, Black",,"""His father, Robert, is of Swiss-German ancestry, and his mother, Patricia Nombuyiselo Noah, is Xhosa",https://en.wikipedia.org/wiki/Trevor_Noah
Truman Capote,M,White,Y,"""Truman Garcia Capote[1] (/kəˈpoʊti/ kə-POH-tee;[2] born Truman Streckfus Persons; September 30, 1924 – August 25, 1984) was an American novelist, screenwriter, playwright and actor.""",https://en.wikipedia.org/wiki/Truman_Capote
Tsitsi Dangarembga,F,Black,,"""Her debut novel, Nervous Conditions (1988), which was the first to be published in English by a Black woman from Zimbabwe""",https://en.wikipedia.org/wiki/Tsitsi_Dangarembga
Upton Sinclair,M,White,,"""Both of Upton Sinclair's parents were of British ancestry. """,https://en.wikipedia.org/wiki/Upton_Sinclair
V. S. Naipaul,M,Asian,,"""Trinidadian writer of Indian descent""",https://www.britannica.com/biography/V-S-Naipaul
Veronica Roth,F,White,,"""Roth is of German and Polish descent.""",https://en.wikipedia.org/wiki/Veronica_Roth
Virginia Woolf,F,White,Y,"""Woolf was born into an affluent household in South Kensington, London, the seventh child of Julia Prinsep Jackson and Leslie Stephen""",https://en.wikipedia.org/wiki/Virginia_Woolf
Vladimir Nabokov,M,White,,"""His family traced its roots to the 14th-century Tatar prince Nabok Murza, who entered into the service of the Tsars,""",https://en.wikipedia.org/wiki/Vladimir_Nabokov
Voltaire,M,White,,"""François-Marie Arouet was born in Paris, the youngest of the five children of François Arouet (1649–1722), a lawyer who was a minor treasury official, and his wife, Marie Marguerite Daumard (c. 1660–1701), whose family was on the lowest rank of the French nobility.""",https://en.wikipedia.org/wiki/Voltaire
W. O. Mitchell,M,White,Y,"""William Ormond Mitchell, PC OC (March 13, 1914 – February 25, 1998) was a Canadian writer and broadcaster.""",https://en.wikipedia.org/wiki/W._O._Mitchell
Wallace Stegner,M,White,Y,"""Wallace Earle Stegner (February 18, 1909 – April 13, 1993) was an American novelist, short story writer, environmentalist, and historian,""",https://en.wikipedia.org/wiki/Wallace_Stegner
Waubgeshig Rice,M,Native/Indigenous,,"""Waubgeshig Rice is an author and journalist from Wasauksing First Nation on Georgian Bay.""",https://www.waub.ca/about/
Wes Moore,M,Black,,"""he is the first Black governor of the state""",https://en.wikipedia.org/wiki/Wes_Moore
Willa Cather,F,White,,"""The Cather family originated in Wales""",https://en.wikipedia.org/wiki/Willa_Cather
William Faulkner,M,White,Y,"""illiam Faulkner (1897-1962), who came from an old southern family, grew up in Oxford, Mississippi. """,https://www.nobelprize.org/prizes/literature/1949/faulkner/biographical/
William Golding,M,White ,,"""Sir William Gerald Golding CBE FRSL (19 September 1911 – 19 June 1993) was a British novelist, playwright, and poet.""",https://en.wikipedia.org/wiki/William_Golding
William Styron,M,White,Y,"""William Clark Styron Jr. (June 11, 1925 – November 1, 2006) was an American novelist and essayist who won major literary awards for his work.""",https://en.wikipedia.org/wiki/William_Styron
William Wells Brown,M,"Black, White",,"""William was of mixed race; his father was George W. Higgins, a white planter and cousin of his master Dr. Young."" ""his mother Elizabeth was a slave""",https://en.wikipedia.org/wiki/William_Wells_Brown
Yaa Gyasi,F,Black,,"""Yaa Gyasi (born 1989) is a Ghanaian-American novelist. """,https://en.wikipedia.org/wiki/Yaa_Gyasi
Yann Martel,M,White,,"""Martel was born in Salamanca, Spain, in 1963 to French-Canadians Émile Martel and Nicole Perron """,https://en.wikipedia.org/wiki/Yann_Martel
Zadie Smith,F,"Black, White",,"""Sadie Smith was born on 25 October 1975[3] in Willesden[4] to a Jamaican mother, Yvonne Bailey, and an English father, Harvey Smith,[5] who was 30 years his wife's senior""",https://en.wikipedia.org/wiki/Zadie_Smith
Zora Neale Hurston,F,Black,,"""Hurston became the most successful and most significant black woman writer of the first half of the 20th century""",https://www.zoranealehurston.com/about/
